fairness_weight,final_count,rejection_rate,avg_combined_score,avg_relevance_score,avg_fairness_score
0.1,8,0.0,0.8314874933019765,0.850333325891085,0.661875
0.3,8,0.0,0.7945770781237596,0.8487708258910851,0.6681250000000001
0.5,8,0.0,0.7584479129455426,0.8487708258910851,0.6681250000000001
0.7,8,0.0,0.7223187477673256,0.8487708258910851,0.6681250000000001
